{"cameraMode":{"drawMode":0,"name":"Shaded","section":"Shading Mode"},"sceneLighting":true,"audioPlay":false,"sceneViewState":{"m_AlwaysRefresh":false,"showFog":true,"showSkybox":true,"showFlares":true,"showImageEffects":true,"showParticleSystems":true,"showVisualEffectGraphs":true,"m_FxEnabled":true},"in2DMode":false,"pivot":{"x":5.996679306030273,"y":2.4722299575805666,"z":11.689801216125489},"rotation":{"x":0.09775865077972412,"y":-0.38454410433769228,"z":0.04099510982632637,"w":0.9169994592666626},"size":6.524808406829834,"orthographic":false}